{
  "$schema": "https://raw.githubusercontent.com/grafana/grafana/master/docs/sources/developers/plugins/plugin.schema.json",
  "type": "panel",
  "name": "Embed",
  "id": "microsoft-embed-panel",
  "info": {
    "keywords": ["panel"],
    "description": "Plugin to embed external content in an iframe",
    "author": {
      "name": "Microsoft"
    },
    "logos": {
      "small": "img/logo.svg",
      "large": "img/logo.svg"
    },
    "links": [],
    "screenshots": [],
    "version": "1.0.0",
    "updated": "2023-02-28"
  },
  "dependencies": {
    "grafanaDependency": ">=9.2.5",
    "plugins": []
  }
}
